<?xml version="1.0" encoding="UTF-8"?>
<zabbix_export>
    <version>4.0</version>
    <date>2018-10-27T19:40:39Z</date>
    <groups>
        <group>
            <name>Templates</name>
        </group>
    </groups>
    <templates>
        <template>
            <template>Template MD Soft RAID</template>
            <name>Template MD Soft RAID</name>
            <description>Monitoring of MD Soft RAID</description>
            <groups>
                <group>
                    <name>Templates</name>
                </group>
            </groups>
            <applications>
                <application>
                    <name>MD</name>
                </application>
            </applications>
            <items/>
            <discovery_rules>
                <discovery_rule>
                    <name>MD Discovery</name>
                    <type>0</type>
                    <snmp_community/>
                    <snmp_oid/>
                    <key>md.discover</key>
                    <delay>3600</delay>
                    <status>0</status>
                    <allowed_hosts/>
                    <snmpv3_contextname/>
                    <snmpv3_securityname/>
                    <snmpv3_securitylevel>0</snmpv3_securitylevel>
                    <snmpv3_authprotocol>0</snmpv3_authprotocol>
                    <snmpv3_authpassphrase/>
                    <snmpv3_privprotocol>0</snmpv3_privprotocol>
                    <snmpv3_privpassphrase/>
                    <params/>
                    <ipmi_sensor/>
                    <authtype>0</authtype>
                    <username/>
                    <password/>
                    <publickey/>
                    <privatekey/>
                    <port/>
                    <filter>
                        <evaltype>0</evaltype>
                        <formula/>
                        <conditions/>
                    </filter>
                    <lifetime>30d</lifetime>
                    <description/>
                    <item_prototypes>
                        <item_prototype>
                            <name>MD $1 degraded</name>
                            <type>0</type>
                            <snmp_community/>
                            <snmp_oid/>
                            <key>md.degraded[{#MDNAME}]</key>
                            <delay>5m</delay>
                            <history>3600</history>
                            <trends>86400</trends>
                            <status>0</status>
                            <value_type>3</value_type>
                            <allowed_hosts/>
                            <units/>
                            <snmpv3_contextname/>
                            <snmpv3_securityname/>
                            <snmpv3_securitylevel>0</snmpv3_securitylevel>
                            <snmpv3_authprotocol>0</snmpv3_authprotocol>
                            <snmpv3_authpassphrase/>
                            <snmpv3_privprotocol>0</snmpv3_privprotocol>
                            <snmpv3_privpassphrase/>
                            <params/>
                            <ipmi_sensor/>
                            <authtype>0</authtype>
                            <username/>
                            <password/>
                            <publickey/>
                            <privatekey/>
                            <port/>
                            <description>Get number of degraded disks</description>
                            <inventory_link>0</inventory_link>
                            <applications>
                                <application>
                                    <name>MD</name>
                                </application>
                            </applications>
                            <valuemap/>
                            <logtimefmt/>
                            <preprocessing/>
                            <jmx_endpoint/>
                            <timeout>3s</timeout>
                            <url/>
                            <query_fields/>
                            <posts/>
                            <status_codes>200</status_codes>
                            <follow_redirects>1</follow_redirects>
                            <post_type>0</post_type>
                            <http_proxy/>
                            <headers/>
                            <retrieve_mode>0</retrieve_mode>
                            <request_method>0</request_method>
                            <output_format>0</output_format>
                            <allow_traps>0</allow_traps>
                            <ssl_cert_file/>
                            <ssl_key_file/>
                            <ssl_key_password/>
                            <verify_peer>0</verify_peer>
                            <verify_host>0</verify_host>
                            <application_prototypes/>
                            <master_item/>
                        </item_prototype>
                        <item_prototype>
                            <name>MD $1 raid disks</name>
                            <type>0</type>
                            <snmp_community/>
                            <snmp_oid/>
                            <key>md.raid_disks[{#MDNAME}]</key>
                            <delay>3600</delay>
                            <history>3600</history>
                            <trends>86400</trends>
                            <status>0</status>
                            <value_type>3</value_type>
                            <allowed_hosts/>
                            <units/>
                            <snmpv3_contextname/>
                            <snmpv3_securityname/>
                            <snmpv3_securitylevel>0</snmpv3_securitylevel>
                            <snmpv3_authprotocol>0</snmpv3_authprotocol>
                            <snmpv3_authpassphrase/>
                            <snmpv3_privprotocol>0</snmpv3_privprotocol>
                            <snmpv3_privpassphrase/>
                            <params/>
                            <ipmi_sensor/>
                            <authtype>0</authtype>
                            <username/>
                            <password/>
                            <publickey/>
                            <privatekey/>
                            <port/>
                            <description>Get number of all disks</description>
                            <inventory_link>0</inventory_link>
                            <applications>
                                <application>
                                    <name>MD</name>
                                </application>
                            </applications>
                            <valuemap/>
                            <logtimefmt/>
                            <preprocessing/>
                            <jmx_endpoint/>
                            <timeout>3s</timeout>
                            <url/>
                            <query_fields/>
                            <posts/>
                            <status_codes>200</status_codes>
                            <follow_redirects>1</follow_redirects>
                            <post_type>0</post_type>
                            <http_proxy/>
                            <headers/>
                            <retrieve_mode>0</retrieve_mode>
                            <request_method>0</request_method>
                            <output_format>0</output_format>
                            <allow_traps>0</allow_traps>
                            <ssl_cert_file/>
                            <ssl_key_file/>
                            <ssl_key_password/>
                            <verify_peer>0</verify_peer>
                            <verify_host>0</verify_host>
                            <application_prototypes/>
                            <master_item/>
                        </item_prototype>
                        <item_prototype>
                            <name>MD $1 sync action</name>
                            <type>0</type>
                            <snmp_community/>
                            <snmp_oid/>
                            <key>md.sync_action[{#MDNAME}]</key>
                            <delay>300</delay>
                            <history>3600</history>
                            <trends>0</trends>
                            <status>0</status>
                            <value_type>4</value_type>
                            <allowed_hosts/>
                            <units/>
                            <snmpv3_contextname/>
                            <snmpv3_securityname/>
                            <snmpv3_securitylevel>0</snmpv3_securitylevel>
                            <snmpv3_authprotocol>0</snmpv3_authprotocol>
                            <snmpv3_authpassphrase/>
                            <snmpv3_privprotocol>0</snmpv3_privprotocol>
                            <snmpv3_privpassphrase/>
                            <params/>
                            <ipmi_sensor/>
                            <authtype>0</authtype>
                            <username/>
                            <password/>
                            <publickey/>
                            <privatekey/>
                            <port/>
                            <description>Get current sync action</description>
                            <inventory_link>0</inventory_link>
                            <applications>
                                <application>
                                    <name>MD</name>
                                </application>
                            </applications>
                            <valuemap/>
                            <logtimefmt/>
                            <preprocessing/>
                            <jmx_endpoint/>
                            <timeout>3s</timeout>
                            <url/>
                            <query_fields/>
                            <posts/>
                            <status_codes>200</status_codes>
                            <follow_redirects>1</follow_redirects>
                            <post_type>0</post_type>
                            <http_proxy/>
                            <headers/>
                            <retrieve_mode>0</retrieve_mode>
                            <request_method>0</request_method>
                            <output_format>0</output_format>
                            <allow_traps>0</allow_traps>
                            <ssl_cert_file/>
                            <ssl_key_file/>
                            <ssl_key_password/>
                            <verify_peer>0</verify_peer>
                            <verify_host>0</verify_host>
                            <application_prototypes/>
                            <master_item/>
                        </item_prototype>
                    </item_prototypes>
                    <trigger_prototypes>
                        <trigger_prototype>
                            <expression>{Template MD Soft RAID:md.sync_action[{#MDNAME}].str(recover)}=1</expression>
                            <recovery_mode>0</recovery_mode>
                            <recovery_expression/>
                            <name>MD {#MDNAME} in recovery mode on {HOST.NAME}</name>
                            <correlation_mode>0</correlation_mode>
                            <correlation_tag/>
                            <url/>
                            <status>0</status>
                            <priority>1</priority>
                            <description/>
                            <type>0</type>
                            <manual_close>0</manual_close>
                            <dependencies/>
                            <tags/>
                        </trigger_prototype>
                        <trigger_prototype>
                            <expression>{Template MD Soft RAID:md.degraded[{#MDNAME}].last()}&gt;0</expression>
                            <recovery_mode>0</recovery_mode>
                            <recovery_expression/>
                            <name>MD {#MDNAME} is degraded on {HOST.NAME}</name>
                            <correlation_mode>0</correlation_mode>
                            <correlation_tag/>
                            <url/>
                            <status>0</status>
                            <priority>4</priority>
                            <description/>
                            <type>0</type>
                            <manual_close>0</manual_close>
                            <dependencies/>
                            <tags/>
                        </trigger_prototype>
                        <trigger_prototype>
                            <expression>{Template MD Soft RAID:md.raid_disks[{#MDNAME}].diff()}&gt;0</expression>
                            <recovery_mode>0</recovery_mode>
                            <recovery_expression/>
                            <name>MD {#MDNAME} number of disks changed on {HOST.NAME}</name>
                            <correlation_mode>0</correlation_mode>
                            <correlation_tag/>
                            <url/>
                            <status>0</status>
                            <priority>2</priority>
                            <description/>
                            <type>0</type>
                            <manual_close>0</manual_close>
                            <dependencies/>
                            <tags/>
                        </trigger_prototype>
                    </trigger_prototypes>
                    <graph_prototypes>
                        <graph_prototype>
                            <name>MD {#MDNAME} degration</name>
                            <width>900</width>
                            <height>200</height>
                            <yaxismin>0.0000</yaxismin>
                            <yaxismax>100.0000</yaxismax>
                            <show_work_period>1</show_work_period>
                            <show_triggers>1</show_triggers>
                            <type>0</type>
                            <show_legend>1</show_legend>
                            <show_3d>0</show_3d>
                            <percent_left>0.0000</percent_left>
                            <percent_right>0.0000</percent_right>
                            <ymin_type_1>0</ymin_type_1>
                            <ymax_type_1>0</ymax_type_1>
                            <ymin_item_1>0</ymin_item_1>
                            <ymax_item_1>0</ymax_item_1>
                            <graph_items>
                                <graph_item>
                                    <sortorder>0</sortorder>
                                    <drawtype>0</drawtype>
                                    <color>1A7C11</color>
                                    <yaxisside>0</yaxisside>
                                    <calc_fnc>2</calc_fnc>
                                    <type>0</type>
                                    <item>
                                        <host>Template MD Soft RAID</host>
                                        <key>md.degraded[{#MDNAME}]</key>
                                    </item>
                                </graph_item>
                            </graph_items>
                        </graph_prototype>
                    </graph_prototypes>
                    <host_prototypes/>
                    <jmx_endpoint/>
                    <timeout>3s</timeout>
                    <url/>
                    <query_fields/>
                    <posts/>
                    <status_codes>200</status_codes>
                    <follow_redirects>1</follow_redirects>
                    <post_type>0</post_type>
                    <http_proxy/>
                    <headers/>
                    <retrieve_mode>0</retrieve_mode>
                    <request_method>0</request_method>
                    <allow_traps>0</allow_traps>
                    <ssl_cert_file/>
                    <ssl_key_file/>
                    <ssl_key_password/>
                    <verify_peer>0</verify_peer>
                    <verify_host>0</verify_host>
                </discovery_rule>
            </discovery_rules>
            <httptests/>
            <macros/>
            <templates/>
            <screens/>
        </template>
    </templates>
</zabbix_export>
